algorithm,n,block,median_algorithm_ms,q1_algorithm_ms,q3_algorithm_ms,median_wall_ms
CPU,256,0,9.99999975e-05,9.99999975e-05,9.99999975e-05,0.0001
CPU,1024,0,0.000300000014,0.000199999995,0.000300000014,0.0003
CPU,10000,0,0.00240000011,0.00240000011,0.00249999994,0.0025
CPU,65536,0,0.0168999992,0.0168999992,0.0171000008,0.017
CPU,262144,0,0.0627999976,0.0627999976,0.063000001,0.0629
CPU,1000000,0,0.335900009,0.323900014,0.379000008,0.336
CPU,1048576,0,0.298000008,0.296600014,0.305400014,0.298
CPU,4194304,0,2.00189996,1.89810002,2.71930003,2.0022
CPU,16777216,0,8.12119961,7.48979998,9.94610023,8.1216
CPU direct,256,0,0.000199999995,0.000199999995,0.000199999995,0.0002
CPU direct,1024,0,0.000600000028,0.000600000028,0.000600000028,0.0006
CPU direct,10000,0,0.00620000018,0.00579999993,0.0074,0.0063
CPU direct,65536,0,0.121699996,0.120700002,0.1228,0.1217
CPU direct,262144,0,0.503000021,0.501999974,0.505500019,0.503
CPU direct,1000000,0,1.98049998,1.95940006,1.99220002,1.9806
CPU direct,1048576,0,1.96029997,1.93239999,2.00169992,1.9604
CPU direct,4194304,0,8.25689983,8.20160007,8.35429955,8.2573
CPU direct,16777216,0,33.290699,32.9519005,39.7686996,33.2913
CPU scan,256,0,0.000199999995,0.000199999995,0.000300000014,0.0006
CPU scan,1024,0,0.00079999998,0.00079999998,0.00079999998,0.0011
CPU scan,10000,0,0.0140000004,0.0133999996,0.0148999998,0.015
CPU scan,65536,0,0.151600003,0.150700003,0.152500004,0.1592
CPU scan,262144,0,0.658999979,0.651300013,0.722800016,1.2111
CPU scan,1000000,0,2.59770012,2.54789996,2.69330001,4.3506
CPU scan,1048576,0,2.76740003,2.72420001,2.93350005,4.5917
CPU scan,4194304,0,13.1062002,12.5334997,15.2819996,20.8482
CPU scan,16777216,0,49.7596016,48.8992996,52.5528984,79.0266
Efficient,256,64,0.0870399997,0.0828159973,0.114688002,0.4027
Efficient,1024,64,0.0911360011,0.0890880004,0.141151994,0.4171
Efficient,10000,64,0.159743994,0.158720002,0.160768002,0.48
Efficient,65536,64,0.231455997,0.218815997,0.252256006,0.754
Efficient,262144,64,0.326207995,0.300224006,0.371392012,1.2846
Efficient,1000000,64,0.982559979,0.978240013,0.993983984,2.9007
Efficient,1048576,64,0.981504023,0.977792025,0.984799981,3.0483
Efficient,4194304,64,3.51833606,3.50550389,3.57168007,10.2314
Efficient,16777216,64,13.6655998,13.6352644,13.6980476,39.787
Efficient compact,256,64,0.138239995,0.125952005,0.143360004,0.4545
Efficient compact,1024,64,0.144383997,0.142335996,0.151552007,0.4443
Efficient compact,10000,64,0.243711993,0.227328002,0.256000012,0.5892
Efficient compact,65536,64,0.267551988,0.254272014,0.281792015,0.7
Efficient compact,262144,64,0.40633601,0.384864002,0.43699199,1.2124
Efficient compact,1000000,64,1.28064001,1.27388799,1.28809595,3.5839
Efficient compact,1048576,64,1.30604804,1.29238403,1.31711996,3.6989
Efficient compact,4194304,64,4.73888016,4.72659206,4.767488,12.5727
Efficient compact,16777216,64,18.53232,18.5114555,18.5503674,48.4165
Efficient unoptimized,256,256,0.0870079994,0.0858239979,0.088064,0.4052
Efficient unoptimized,1024,256,0.122879997,0.121855997,0.132095993,0.4192
Efficient unoptimized,10000,256,0.162816003,0.154624,0.164864004,0.473
Efficient unoptimized,65536,256,0.274143994,0.26086399,0.283679992,0.7875
Efficient unoptimized,262144,256,0.401919991,0.394176006,0.438879997,1.3798
Efficient unoptimized,1000000,256,1.287328,1.28492796,1.29417598,3.2315
Efficient unoptimized,1048576,256,1.28665602,1.28547204,1.28934395,3.3638
Efficient unoptimized,4194304,256,4.97721577,4.97382402,4.98364782,12.0006
Efficient unoptimized,16777216,256,20.3216648,20.2995529,20.335392,46.2584
Naive,256,64,0.0583680011,0.0522239991,0.0614399984,0.4054
Naive,1024,64,0.084991999,0.0829439983,0.0890880004,0.429
Naive,10000,64,0.104447998,0.0983040035,0.110592,0.4765
Naive,65536,64,0.148512006,0.144672006,0.154752001,0.5695
Naive,262144,64,0.467552006,0.465952009,0.475488007,1.3006
Naive,1000000,64,1.77433598,1.77123201,1.78006399,3.8979
Naive,1048576,64,1.84732795,1.84031999,1.86579204,4.0323
Naive,4194304,64,8.08127975,8.07161617,8.09862423,15.6812
Naive,16777216,64,35.7881584,35.7745934,35.8001938,63.6627
Shared Blelloch,256,128,0.00819199998,0.00819199998,0.00921600033,0.2888
Shared Blelloch,1024,128,0.0184320007,0.0184320007,0.0184320007,0.3138
Shared Blelloch,10000,128,0.0184320007,0.0184320007,0.0184320007,0.3287
Shared Blelloch,65536,128,0.0518720001,0.051008001,0.0571199991,0.582
Shared Blelloch,262144,128,0.108319998,0.107584,0.109664001,1.0403
Shared Blelloch,1000000,128,0.244703993,0.244031996,0.251872003,2.3752
Shared Blelloch,1048576,128,0.255104005,0.254175991,0.262751997,2.4766
Shared Blelloch,4194304,128,0.883840024,0.874751985,0.888000011,8.5327
Shared Blelloch,16777216,128,3.37551999,3.37299204,3.38227201,31.7283
Shared compact,256,128,0.0143360002,0.0143360002,0.0143360002,0.3016
Shared compact,1024,128,0.0399359986,0.0399359986,0.040959999,0.345
Shared compact,10000,128,0.0245760009,0.0245760009,0.0255999994,0.3441
Shared compact,65536,128,0.0623360015,0.0605119988,0.0760959983,0.5787
Shared compact,262144,128,0.167071998,0.164928004,0.168607995,1.2523
Shared compact,1000000,128,0.461088002,0.460191995,0.466527998,2.8614
Shared compact,1048576,128,0.480960011,0.480224013,0.483040005,2.9975
Shared compact,4194304,128,1.77983999,1.77574396,1.78857601,10.2748
Shared compact,16777216,128,6.97692823,6.968256,6.98275185,36.9698
Shared naive,256,128,0.0122880004,0.0112640001,0.0122880004,0.3083
Shared naive,1024,128,0.0122880004,0.0112640001,0.0122880004,0.301
Shared naive,10000,128,0.0133119998,0.0122880004,0.0133119998,0.3252
Shared naive,65536,128,0.048928,0.047456,0.0613120012,0.4611
Shared naive,262144,128,0.0865600035,0.084863998,0.0936959982,1.0268
Shared naive,1000000,128,0.194079995,0.192864001,0.203648001,2.3731
Shared naive,1048576,128,0.200320005,0.199647993,0.206527993,2.438
Shared naive,4194304,128,0.691968024,0.687968016,0.705247998,7.8406
Shared naive,16777216,128,2.6361599,2.63132811,2.64166403,30.2981
Shared unpadded,256,64,0.0174080003,0.016384,0.0399359986,0.399
Shared unpadded,1024,64,0.016384,0.016384,0.0174080003,0.3096
Shared unpadded,10000,64,0.0174080003,0.0174080003,0.0174080003,0.3283
Shared unpadded,65536,64,0.0599999987,0.0588480011,0.0629440024,0.5504
Shared unpadded,262144,64,0.106367998,0.105792001,0.107391998,1.0116
Shared unpadded,1000000,64,0.243744001,0.242175996,0.249952003,2.4306
Shared unpadded,1048576,64,0.253663987,0.252640009,0.258688003,2.5212
Shared unpadded,4194304,64,0.898751974,0.890688002,0.914175987,8.1631
Shared unpadded,16777216,64,3.38937593,3.38537598,3.39615989,30.6381
Thrust,256,0,0.0215039998,0.0204799995,0.0225280002,0.3505
Thrust,1024,0,0.0244479999,0.0204799995,0.0348160006,0.4102
Thrust,10000,0,0.027648,0.020544,0.0389119983,0.4106
Thrust,65536,0,0.0392320007,0.0387200005,0.0406720005,0.49
Thrust,262144,0,0.247648001,0.242047995,0.271712005,1.1141
Thrust,1000000,0,0.26156801,0.229791999,0.294176012,2.4918
Thrust,1048576,0,0.254272014,0.240160003,0.277824014,2.5515
Thrust,4194304,0,0.591296017,0.578047991,0.642239988,8.2996
Thrust,16777216,0,1.98652804,1.81177604,2.05564809,31.7072
